TechCrunch,https://techcrunch.com/feed/,OpenAI,Sam Altman,Ollama,artificial intelligence,Gary Marcus,Ollama,Mistral
The Verge,http://www.theverge.com/rss/frontpage,OpenAI,Sam Altman,Ollama,artificial intelligence,Gary Marcus,Ollama,Mistral
Mashable,https://mashable.com/feeds/rss/all,OpenAI,Sam Altman,Ollama,artificial intelligence,Gary Marcus,Ollama,Mistral
WIRED,https://www.wired.com/feed/rss,OpenAI,Sam Altman,Ollama,artificial intelligence,Gary Marcus,Ollama,Mistral
Gizmodo,https://gizmodo.com/rss,OpenAI,Sam Altman,Ollama,artificial intelligence,Gary Marcus,Ollama,Mistral
CNET,https://www.cnet.com/rss/news/,OpenAI,Sam Altman,Ollama,artificial intelligence,Gary Marcus,Ollama,Mistral
Engadget,https://www.engadget.com/rss.xml,OpenAI,Sam Altman,Ollama,artificial intelligence,Gary Marcus,Ollama,Mistral
ZDNet,https://www.zdnet.com/news/rss.xml,OpenAI,Sam Altman,Ollama,artificial intelligence,Gary Marcus,Ollama,Mistral
VentureBeat,http://feeds.feedburner.com/venturebeat/SZYF,OpenAI,Sam Altman,Ollama,artificial intelligence,Gary Marcus,Ollama,Mistral
BBC News » Technology,http://feeds.bbci.co.uk/news/technology/rss.xml,OpenAI,Sam Altman,Ollama,artificial intelligence,Gary Marcus,Ollama,Mistral
The New York Times » Technology,http://rss.nytimes.com/services/xml/rss/nyt/Technology.xml,OpenAI,Sam Altman,Ollama,artificial intelligence,Gary Marcus,Ollama,Mistral
MacRumors,https://feeds.macrumors.com/MacRumors-All,OpenAI,Sam Altman,Ollama,artificial intelligence,Gary Marcus,Ollama,Mistral
Ars Technica,http://feeds.arstechnica.com/arstechnica/technology-lab,OpenAI,Sam Altman,Ollama,artificial intelligence,Gary Marcus,Ollama,Mistral
O'Reilly,https://feeds.feedburner.com/oreilly/radar/atom,OpenAI,Sam Altman,Ollama,artificial intelligence,Gary Marcus,Ollama,Mistral
slashdot,http://rss.slashdot.org/Slashdot/slashdotMain?format=xml,OpenAI,Sam Altman,Ollama,artificial intelligence,Gary Marcus,Ollama,Mistral
BleepingComputer,https://www.bleepingcomputer.com/feed,OpenAI,Sam Altman,Ollama,artificial intelligence,Gary Marcus,Ollama,Mistral
Boing Boing,https://feeds.boingboing.net/boingboing/iBag,OpenAI,Sam Altman,Ollama,artificial intelligence,Gary Marcus,Ollama,Mistral
AppleInsider,https://appleinsider.com/rss/news/,OpenAI,Sam Altman,Ollama,artificial intelligence,Gary Marcus,Ollama,Mistral
The Register,http://www.theregister.co.uk/headlines.atom,OpenAI,Sam Altman,Ollama,artificial intelligence,Gary Marcus,Ollama,Mistral
MIT Technology Review,https://www.technologyreview.com/topnews.rss,OpenAI,Sam Altman,Ollama,artificial intelligence,Gary Marcus,Ollama,Mistral
Techdirt,https://feeds.feedburner.com/techdirt/feed
